claim_id,denial_probability,risk_tier,predicted_denial,top_risk_factors,explanation
CCLM-00372,0.9393458175390914,High,1,"Missing Required Prior Authorization, Compound deficit: missing auth + documentation, High-risk segment: Payer ID: P008","This claim has an estimated denial risk of 94% - this is a statistical estimate, not a guaranteed outcome. A key concern is that missing required prior authorization. Recommended action: Confirm whether the required prior authorization can be obtained and documented before submission."
CCLM-00163,0.9247748786396421,High,1,"Missing Required Prior Authorization, Missing Required Referral, Multiple administrative gaps",This assessment is a statistical estimate and not a guaranteed denial outcome. The claim is missing the required prior authorization and referral. Confirm and obtain the necessary prior authorization and referral before submission.
CCLM-00177,0.9245078707382746,High,1,"Missing Required Prior Authorization, Compound deficit: missing auth + documentation, Late Claim Submission (>30 days)","This is a statistical estimate and not a guaranteed denial outcome. The claim is at high risk due to a missing prior authorization, insufficient documentation, and late submission. Resolve the missing authorization and attach all required documentation before submission."
CCLM-00352,0.9159947694338347,High,1,"Missing Required Prior Authorization, Compound deficit: missing auth + documentation, Multiple administrative gaps",This is a statistical estimate and not a guaranteed denial outcome. The claim is missing a required prior authorization and supporting documentation. Resolve the missing authorization and attach all required documentation before submission.
CCLM-00023,0.9088274183557402,High,1,"Missing Required Prior Authorization, Compound deficit: missing auth + documentation, Late Claim Submission (>30 days)",This analysis provides a statistical estimate and is not a guaranteed prediction of the denial outcome. The claim is at high risk due to a missing required prior authorization and late submission. Resolve the missing authorization and attach all required documentation before submission.
CCLM-00049,0.906153366403466,High,1,"Missing Required Prior Authorization, Multiple administrative gaps, Compound deficit: missing auth + documentation",This is a statistical estimate and not a guaranteed denial outcome. The claim is at high risk due to a missing required prior authorization and associated documentation gaps. Resolve the missing authorization and attach all required documentation before submission.
CCLM-00087,0.9058868024953783,High,1,"Multiple administrative gaps, Late Claim Submission (>30 days), Missing Supporting Documentation","This assessment is a statistical estimate and not a guaranteed denial outcome. The claim is at high risk due to administrative gaps, a late submission exceeding 30 days, and missing supporting documentation. Review and attach all required supporting clinical documentation before submission."
CCLM-00344,0.8935451897379038,High,1,"Missing Required Prior Authorization, Compound deficit: missing auth + documentation, Multiple administrative gaps","This denial probability is a statistical estimate and not a guaranteed outcome. The claim has multiple administrative gaps, specifically a missing required prior authorization and insufficient documentation. Resolve the missing authorization and attach all required documentation before submission."
CCLM-00285,0.8908781929698589,High,1,"Missing Required Prior Authorization, Compound deficit: missing auth + documentation, Multiple administrative gaps",This is a statistical estimate and not a guaranteed denial outcome. The claim is missing required prior authorization and supporting documentation. Resolve the missing authorization and attach all required documentation before submission.
CCLM-00463,0.8649346946310711,High,1,"Billed Per Procedure, Late Claim Submission (>30 days), High-risk segment: Payer: Medicaid MCO","This is a statistical estimate and not a guaranteed denial outcome. The claim is at high risk due to being billed per procedure, submission exceeding 30 days, and the payer being a Medicaid MCO. Confirm the payer timely-filing deadline and gather any proof of original timely submission."
CCLM-00213,0.8633450819422512,High,1,"Missing Required Prior Authorization, Late Claim Submission (>30 days), High-risk segment: Payer ID: P006",
CCLM-00279,0.8530607663611597,High,1,"Late Claim Submission (>30 days), Missing Supporting Documentation, Num Procedures",
CCLM-00259,0.8453603736987616,High,1,"Missing Required Prior Authorization, High-risk segment: Payer ID: P008, Multiple administrative gaps",
CCLM-00062,0.8317390618477971,High,1,"Missing Required Prior Authorization, Multiple administrative gaps, Num Procedures",
CCLM-00280,0.8313686571591393,High,1,"Num Procedures, Multiple administrative gaps, Missing Supporting Documentation",
CCLM-00407,0.8294654209982328,High,1,"Missing Required Prior Authorization, Compound deficit: missing auth + documentation, Multiple administrative gaps",
CCLM-00446,0.8273422887632815,High,1,"Multiple administrative gaps, Missing Supporting Documentation, High-risk segment: Payer: Medicaid MCO",
CCLM-00082,0.8245468257931451,High,1,"Multiple administrative gaps, Billed Per Procedure, Missing Required Referral",
CCLM-00013,0.8234598513601594,High,1,"Missing Required Prior Authorization, Multiple administrative gaps, Num Procedures",
CCLM-00063,0.8232325574787458,High,1,"Late Claim Submission (>30 days), Multiple administrative gaps, Num Procedures",
CCLM-00383,0.819685071368026,High,1,"Late Claim Submission (>30 days), High-risk segment: Payer ID: P008, Multiple administrative gaps",
CCLM-00135,0.8185743749868121,High,1,"Billed Per Procedure, Late Claim Submission (>30 days), Multiple administrative gaps",
CCLM-00176,0.8165490648009256,High,1,"Missing Required Prior Authorization, Billed Per Procedure, High-risk segment: Visit: Inpatient",
CCLM-00134,0.8163623366351782,High,1,"Missing Required Prior Authorization, Multiple administrative gaps, Compound deficit: missing auth + documentation",
CCLM-00051,0.8132388175300422,High,1,"Missing Required Prior Authorization, Multiple administrative gaps, Compound deficit: missing auth + documentation",
CCLM-00416,0.8085586760063457,High,1,"Missing Required Prior Authorization, Multiple administrative gaps, Patient Eligibility Not Verified",
CCLM-00476,0.797293700921613,High,1,"High-risk segment: Payer ID: P008, Missing Supporting Documentation, Billed Per Procedure",
CCLM-00028,0.7952536528531742,High,1,"Multiple administrative gaps, Missing Supporting Documentation, High-risk segment: Payer: Medicaid MCO",
CCLM-00459,0.7902948833489791,High,1,"Missing Required Prior Authorization, Multiple administrative gaps, Out-of-network with missing authorization",
CCLM-00481,0.7828031102362832,High,1,"Missing Required Prior Authorization, Late Claim Submission (>30 days), High-risk segment: Payer: Medicare Advantage",
CCLM-00042,0.7794455093873506,High,1,"Missing Required Prior Authorization, Compound deficit: missing auth + documentation, Multiple administrative gaps",
CCLM-00432,0.7773265971879879,High,1,"Missing Required Prior Authorization, Compound deficit: missing auth + documentation, Multiple administrative gaps",
CCLM-00477,0.7723200416422715,High,1,"Missing Required Prior Authorization, Multiple administrative gaps, Out-of-network with missing authorization",
CCLM-00147,0.7687324066657872,High,1,"Missing Required Prior Authorization, Billed Per Procedure, High-risk segment: Payer ID: P006",
CCLM-00170,0.765435363052499,High,1,"Multiple administrative gaps, High-risk segment: Payer ID: P003, Missing Supporting Documentation",
CCLM-00099,0.7633786938605404,High,1,"Missing Required Prior Authorization, Multiple administrative gaps, Out-of-network with missing authorization",
CCLM-00290,0.7616092853210008,High,1,"Missing Required Prior Authorization, High-risk segment: Payer: Medicaid MCO, Num Procedures",
CCLM-00307,0.7473494257835045,High,1,"Late Claim Submission (>30 days), Missing Supporting Documentation, High-risk segment: Payer ID: P010",
CCLM-00165,0.7462658259483509,High,1,"Missing Required Prior Authorization, Multiple administrative gaps, Out-of-network with missing authorization",
CCLM-00136,0.7444297544885242,High,1,"Multiple administrative gaps, Billed Per Procedure, Missing Required Referral",
CCLM-00380,0.7357925477034901,High,1,"Late Claim Submission (>30 days), Missing Supporting Documentation, Payment Ratio",
CCLM-00221,0.7303668332228896,High,1,"High-risk segment: Payer ID: P008, Missing Supporting Documentation, High-risk segment: Payer: Medicaid MCO",
CCLM-00094,0.7204750669421021,High,1,"Missing Required Prior Authorization, Late Claim Submission (>30 days), Multiple administrative gaps",
CCLM-00179,0.7137068544763632,High,1,"Missing Required Prior Authorization, High-risk segment: Payer ID: P008, High-risk segment: Payer: Medicaid MCO",
CCLM-00370,0.7111607798594609,High,1,"High-risk segment: Payer ID: P008, High-risk segment: Payer: Medicaid MCO, Patient Eligibility Not Verified",
CCLM-00386,0.7096901107102289,High,1,"Late Claim Submission (>30 days), Missing Supporting Documentation, Num Procedures",
CCLM-00272,0.7061426165407038,High,1,"Late Claim Submission (>30 days), Billed Per Procedure, Patient Eligibility Not Verified",
CCLM-00224,0.7045910086183764,High,1,"Missing Required Prior Authorization, Multiple administrative gaps, Num Procedures",
CCLM-00037,0.6962709358596512,High,1,"Missing Required Prior Authorization, Multiple administrative gaps, Patient Eligibility Not Verified",
CCLM-00214,0.6954456763711487,High,1,"Late Claim Submission (>30 days), Multiple administrative gaps, High-risk segment: Payer: Medicaid MCO",
CCLM-00492,0.6836601262147579,High,1,"Missing Supporting Documentation, High-risk segment: Payer ID: P006, High-risk segment: Payer: Medicare Advantage",
CCLM-00137,0.6832681930138099,High,1,"High-risk segment: Payer ID: P008, High-risk segment: Payer: Medicaid MCO, Patient Eligibility Not Verified",
CCLM-00058,0.6826626040485038,High,1,"Num Procedures, Multiple administrative gaps, Missing Supporting Documentation",
CCLM-00125,0.6815085127083492,High,1,"Late Claim Submission (>30 days), High-risk segment: Payer ID: P003, Missing Supporting Documentation",
CCLM-00124,0.6805747632692384,High,1,"Late Claim Submission (>30 days), High-risk segment: Payer ID: P008, Num Procedures",
CCLM-00392,0.6800452981991425,High,1,"High-risk segment: Payer ID: P008, Num Procedures, Missing Required Referral",
CCLM-00470,0.6773610921689427,High,1,"Missing Required Prior Authorization, High-risk segment: Payer ID: P003, Billed Per Diagnosis",
CCLM-00180,0.6761289344102782,High,1,"High-risk segment: Payer ID: P008, Missing Supporting Documentation, High-risk segment: Payer: Medicaid MCO",
CCLM-00104,0.6756321677117045,High,1,"Missing Required Prior Authorization, Late Claim Submission (>30 days), Billed Per Procedure",
CCLM-00117,0.6751755223446633,High,1,"High-risk segment: Payer ID: P008, High-risk segment: Payer: Medicaid MCO, Patient Eligibility Not Verified",
CCLM-00500,0.6698773551473678,High,1,"Late Claim Submission (>30 days), Missing Supporting Documentation, High-risk segment: Visit: Inpatient",
CCLM-00168,0.6683223323786573,High,1,"Missing Required Referral, Multiple administrative gaps, High-risk segment: Visit: Inpatient",
CCLM-00381,0.6659022519727813,High,1,"Late Claim Submission (>30 days), Missing Supporting Documentation, High-risk segment: Visit: Inpatient",
CCLM-00471,0.6652718678137481,High,1,"Missing Required Prior Authorization, Num Procedures, High-risk segment: Visit: Inpatient",
CCLM-00085,0.6649068744678741,High,1,"Missing Required Prior Authorization, High-risk segment: Visit: Inpatient, High-risk segment: Payer: Medicare Advantage",
CCLM-00338,0.6644744250833379,High,1,"High-risk segment: Payer ID: P008, High-risk segment: Payer: Medicaid MCO, Patient Eligibility Not Verified",
CCLM-00152,0.6639617553857716,High,1,"Late Claim Submission (>30 days), Missing Supporting Documentation, Num Procedures",
CCLM-00439,0.6635481138703668,High,1,"Multiple administrative gaps, High-risk segment: Payer ID: P003, Missing Required Referral",
CCLM-00116,0.6620060027506758,High,1,"Multiple administrative gaps, Missing Required Referral, High-risk segment: Payer: Medicaid MCO",
CCLM-00377,0.6606006942609526,High,1,"Missing Required Prior Authorization, Num Procedures, High-risk segment: Visit: Inpatient",
CCLM-00402,0.6507585944271449,High,1,"Missing Required Prior Authorization, Late Claim Submission (>30 days), Num Procedures",
CCLM-00204,0.6504264612894219,High,1,"Multiple administrative gaps, High-risk segment: Payer ID: P003, Missing Required Referral",
CCLM-00130,0.6503126496437659,High,1,"Missing Supporting Documentation, High-risk segment: Payer: Medicare Advantage, Has Prior Auth",
CCLM-00019,0.6459644122335962,High,1,"Missing Supporting Documentation, High-risk segment: Payer: Medicaid MCO, High-risk segment: Visit: Inpatient",
CCLM-00410,0.6451024321183885,High,1,"Late Claim Submission (>30 days), Multiple administrative gaps, Patient Eligibility Not Verified",
CCLM-00189,0.6419461478951168,High,1,"Num Procedures, High-risk segment: Payer ID: P006, Patient Eligibility Not Verified",
CCLM-00334,0.6409093472640703,High,1,"Late Claim Submission (>30 days), Patient Eligibility Not Verified, Has Prior Auth",
CCLM-00270,0.6375402035073983,High,1,"Late Claim Submission (>30 days), High-risk segment: Payer ID: P008, High-risk segment: Payer: Medicaid MCO",
CCLM-00011,0.6345924395328731,High,1,"Billed Per Procedure, High-risk segment: Payer: Medicaid MCO, Patient Eligibility Not Verified",
CCLM-00139,0.630617312964166,High,1,"Missing Supporting Documentation, High-risk segment: Visit: Inpatient, High-risk segment: Payer: Medicare Advantage",
CCLM-00365,0.6240347122745911,High,1,"Multiple administrative gaps, Missing Supporting Documentation, Num Procedures",
CCLM-00388,0.6231801971836681,High,1,"High-risk segment: Payer ID: P008, Missing Required Referral, High-risk segment: Payer: Medicaid MCO",
CCLM-00468,0.6220118623000427,High,1,"Missing Supporting Documentation, High-risk segment: Payer ID: P006, High-risk segment: Payer: Medicare Advantage",
CCLM-00310,0.6208887546068473,High,1,"High-risk segment: Payer ID: P006, Patient Eligibility Not Verified, High-risk segment: Visit: Inpatient",
CCLM-00254,0.6179340539142177,High,1,"Multiple administrative gaps, Missing Supporting Documentation, Num Procedures",
CCLM-00098,0.6165261221706302,High,1,"Num Procedures, High-risk segment: Payer: Medicaid MCO, Patient Eligibility Not Verified",
CCLM-00068,0.6151083594699669,High,1,"High-risk segment: Payer ID: P003, Missing Supporting Documentation, High-risk segment: Visit: Inpatient",
CCLM-00447,0.6147830091181496,High,1,"Late Claim Submission (>30 days), High-risk segment: Payer: Medicaid MCO, Billed Per Procedure",
CCLM-00173,0.6116753190973854,High,1,"Late Claim Submission (>30 days), High-risk segment: Payer: Medicaid MCO, Has Prior Auth",
CCLM-00305,0.6110640063398236,High,1,"Late Claim Submission (>30 days), Num Procedures, High-risk segment: Visit: Inpatient",
CCLM-00207,0.6090425952019859,High,1,"Late Claim Submission (>30 days), Missing Required Referral, High-risk segment: Payer ID: P006",
CCLM-00055,0.6086574415314199,High,1,"Missing Required Prior Authorization, High-risk segment: Payer: Medicare Advantage, Submission Delay",
CCLM-00003,0.606986241540083,High,1,"High-risk segment: Payer ID: P006, Patient Eligibility Not Verified, High-risk segment: Payer: Medicare Advantage",
CCLM-00473,0.6066574437721861,High,1,"Late Claim Submission (>30 days), Missing Supporting Documentation, Has Prior Auth",
CCLM-00222,0.6062678082595947,High,1,"High-risk segment: Payer ID: P008, High-risk segment: Payer: Medicaid MCO, Patient Eligibility Not Verified",
CCLM-00494,0.6052694914971248,High,1,"High-risk segment: Payer ID: P008, Num Procedures, High-risk segment: Payer: Medicaid MCO",
CCLM-00296,0.6030795396762897,High,1,"Billed Per Procedure, Patient Eligibility Not Verified, Has Prior Auth",
CCLM-00295,0.6017372322807973,High,1,"High-risk segment: Payer: Medicaid MCO, Patient Eligibility Not Verified, Payment Ratio",
CCLM-00231,0.6001516253216526,High,1,"Multiple administrative gaps, Num Procedures, High-risk segment: Payer ID: P006",
CCLM-00088,0.597568944382458,High,1,"Multiple administrative gaps, High-risk segment: Payer: Medicaid MCO, Patient Eligibility Not Verified",
CCLM-00108,0.594081186134515,High,1,"Missing Supporting Documentation, High-risk segment: Payer ID: P006, High-risk segment: Payer: Medicare Advantage",
CCLM-00115,0.5930924547810948,High,1,"Late Claim Submission (>30 days), Missing Supporting Documentation, Multiple administrative gaps",
CCLM-00435,0.59033570940094,High,1,"Billed Per Procedure, High-risk segment: Payer ID: P008, High-risk segment: Payer: Medicaid MCO",
CCLM-00203,0.5879890826943397,High,1,"Missing Supporting Documentation, High-risk segment: Payer: Medicaid MCO, Has Prior Auth",
CCLM-00174,0.5868827862009557,High,1,"Missing Supporting Documentation, High-risk segment: Payer: Medicare Advantage, Multiple administrative gaps",
CCLM-00317,0.58662994730972,High,1,"Multiple administrative gaps, Missing Supporting Documentation, High-risk segment: Visit: Inpatient",
CCLM-00192,0.5860725700701025,High,1,"Num Procedures, High-risk segment: Payer: Medicaid MCO, High-risk segment: Visit: Inpatient",
CCLM-00209,0.5850510969184666,High,1,"High-risk segment: Payer: Medicaid MCO, Patient Eligibility Not Verified, Billed Per Procedure",
CCLM-00385,0.5836710621247968,High,1,"High-risk segment: Payer ID: P003, Missing Supporting Documentation, High-risk segment: Visit: Inpatient",
CCLM-00239,0.5804347940184971,High,0,"Missing Required Prior Authorization, High-risk segment: Payer: Medicaid MCO, Payment Ratio",
CCLM-00253,0.5781045255373274,High,0,"High-risk segment: Payer: Medicaid MCO, Patient Eligibility Not Verified, Late Claim Submission (>30 days)",
CCLM-00184,0.5773894065460518,High,0,"Num Procedures, High-risk segment: Payer: Medicaid MCO, High-risk segment: Visit: Inpatient",
CCLM-00196,0.5755547454591207,High,0,"High-risk segment: Payer: Medicaid MCO, Num Procedures, High-risk segment: Visit: Inpatient",
CCLM-00328,0.5751939034565748,High,0,"Missing Required Referral, High-risk segment: Payer: Medicaid MCO, High-risk segment: Visit: Inpatient",
CCLM-00182,0.5747588608219281,High,0,"Missing Supporting Documentation, High-risk segment: Payer ID: P006, High-risk segment: Payer: Medicare Advantage",
CCLM-00364,0.5736364393809243,High,0,"Missing Supporting Documentation, High-risk segment: Visit: Inpatient, High-risk segment: Payer: Medicare Advantage",
CCLM-00217,0.5700865039732549,High,0,"Missing Required Prior Authorization, High-risk segment: Payer ID: P003, Multiple administrative gaps",
CCLM-00294,0.568795996168048,High,0,"Missing Required Prior Authorization, High-risk segment: Payer: Medicaid MCO, Payment Ratio",
CCLM-00255,0.5657891629565023,High,0,"Missing Required Prior Authorization, High-risk segment: Payer ID: P003, Multiple administrative gaps",
CCLM-00077,0.5629978951443437,High,0,"Missing Required Referral, High-risk segment: Payer ID: P006, High-risk segment: Visit: Inpatient",
CCLM-00345,0.5627290038790577,High,0,"Billed Per Procedure, Patient Eligibility Not Verified, High-risk segment: Visit: Inpatient",
CCLM-00269,0.561622037970146,High,0,"Missing Required Referral, High-risk segment: Payer: Medicaid MCO, Billed Per Procedure",
CCLM-00376,0.5593998093830864,High,0,"Late Claim Submission (>30 days), High-risk segment: Payer: Medicaid MCO, Referral Required",
CCLM-00421,0.5592642450294064,High,0,"Num Procedures, High-risk segment: Payer ID: P006, High-risk segment: Visit: Inpatient",
CCLM-00240,0.5590115678039996,High,0,"High-risk segment: Payer ID: P003, Missing Supporting Documentation, High-risk segment: Visit: Inpatient",
CCLM-00378,0.5589904072224876,Medium,0,"Late Claim Submission (>30 days), High-risk segment: Payer: Medicaid MCO, Payment Ratio",
CCLM-00252,0.558745966650361,Medium,0,"Billed Per Procedure, Missing Supporting Documentation, High-risk segment: Visit: Inpatient",
CCLM-00326,0.557647550842296,Medium,0,"High-risk segment: Payer ID: P008, High-risk segment: Payer: Medicaid MCO, High-risk segment: Visit: Outpatient",
CCLM-00044,0.557560314793719,Medium,0,"Multiple administrative gaps, High-risk segment: Payer: Medicaid MCO, Patient Eligibility Not Verified",
CCLM-00405,0.5565976283858065,Medium,0,"Missing Supporting Documentation, Submission Delay, High-risk segment: Payer ID: P010",
CCLM-00288,0.5559976054356994,Medium,0,"Multiple administrative gaps, High-risk segment: Payer: Medicaid MCO, Patient Eligibility Not Verified",
CCLM-00230,0.5558990989720173,Medium,0,"Late Claim Submission (>30 days), High-risk segment: Payer: Medicaid MCO, Has Prior Auth",
CCLM-00455,0.5557064836996676,Medium,0,"High-risk segment: Payer ID: P008, Missing Required Referral, High-risk segment: Payer: Medicaid MCO",
CCLM-00443,0.5526371464232015,Medium,0,"Late Claim Submission (>30 days), High-risk segment: Payer: Medicare Advantage, Has Prior Auth",
CCLM-00299,0.5485412859202782,Medium,0,"Missing Supporting Documentation, High-risk segment: Payer: Medicaid MCO, Payment Ratio",
CCLM-00324,0.5485052528566037,Medium,0,"Missing Required Prior Authorization, High-risk segment: Visit: Inpatient, Multiple administrative gaps",
CCLM-00187,0.547513905169024,Medium,0,"High-risk segment: Payer ID: P003, Missing Supporting Documentation, Billed Per Procedure",
CCLM-00263,0.5441544213370458,Medium,0,"Missing Required Prior Authorization, Multiple administrative gaps, High-risk segment: Visit: Outpatient",
CCLM-00156,0.5441327452644351,Medium,0,"Missing Required Referral, Multiple administrative gaps, High-risk segment: Payer: Medicaid MCO",
CCLM-00467,0.5435319647749967,Medium,0,"High-risk segment: Payer ID: P008, High-risk segment: Payer: Medicaid MCO, High-risk segment: Visit: Inpatient",
CCLM-00491,0.5427857470866464,Medium,0,"Missing Supporting Documentation, High-risk segment: Payer ID: P010, Multiple administrative gaps",
CCLM-00304,0.5421978612208471,Medium,0,"High-risk segment: Payer ID: P006, Patient Eligibility Not Verified, High-risk segment: Payer: Medicare Advantage",
CCLM-00382,0.541773925702478,Medium,0,"High-risk segment: Payer ID: P008, Missing Required Referral, High-risk segment: Payer: Medicaid MCO",
CCLM-00102,0.5396528970348934,Medium,0,"Late Claim Submission (>30 days), High-risk segment: Payer: Medicaid MCO, Billed Per Procedure",
CCLM-00247,0.5376061207338415,Medium,0,"High-risk segment: Payer ID: P008, High-risk segment: Payer: Medicaid MCO, Billed Per Procedure",
CCLM-00206,0.5366811865124086,Medium,0,"High-risk segment: Payer ID: P008, High-risk segment: Payer: Medicaid MCO, Payment Ratio",
CCLM-00461,0.5358869163556405,Medium,0,"Missing Required Prior Authorization, High-risk segment: Visit: Inpatient, Log Total Billed",
CCLM-00234,0.5335176383577378,Medium,0,"Missing Required Prior Authorization, Num Procedures, Submission Delay",
CCLM-00046,0.5333948207622247,Medium,0,"Missing Supporting Documentation, High-risk segment: Visit: Inpatient, Num Procedures",
CCLM-00401,0.5331482471846087,Medium,0,"Missing Supporting Documentation, High-risk segment: Payer: Medicare Advantage, Has Prior Auth",
CCLM-00158,0.5330454886757396,Medium,0,"Missing Supporting Documentation, Num Procedures, High-risk segment: Visit: Inpatient",
CCLM-00311,0.5307345707633613,Medium,0,"Missing Required Prior Authorization, Num Procedures, Multiple administrative gaps",
CCLM-00166,0.5305945746861861,Medium,0,"Missing Supporting Documentation, Multiple administrative gaps, High-risk segment: Visit: Outpatient",
CCLM-00431,0.5295388136065962,Medium,0,"Missing Supporting Documentation, High-risk segment: Payer ID: P006, High-risk segment: Payer: Medicare Advantage",
CCLM-00143,0.5293905212201206,Medium,0,"Missing Required Prior Authorization, Multiple administrative gaps, High-risk segment: Visit: Outpatient",
CCLM-00151,0.527966640111854,Medium,0,"High-risk segment: Payer ID: P006, Patient Eligibility Not Verified, High-risk segment: Payer: Medicare Advantage",
CCLM-00318,0.5271717030621176,Medium,0,"Missing Required Prior Authorization, Num Procedures, High-risk segment: Visit: Inpatient",
CCLM-00308,0.5267842775746986,Medium,0,"Missing Supporting Documentation, High-risk segment: Payer: Medicaid MCO, Payment Ratio",
CCLM-00268,0.5227298934091718,Medium,0,"Late Claim Submission (>30 days), Billed Per Procedure, High-risk segment: Payer: Medicaid MCO",
CCLM-00103,0.5220472511000818,Medium,0,"Missing Required Prior Authorization, High-risk segment: Payer ID: P003, Multiple administrative gaps",
CCLM-00053,0.5219823153705051,Medium,0,"High-risk segment: Payer ID: P003, Missing Supporting Documentation, Multiple administrative gaps",
CCLM-00195,0.5209304174398995,Medium,0,"High-risk segment: Payer ID: P008, High-risk segment: Payer: Medicaid MCO, Payment Ratio",
CCLM-00475,0.5203198856927934,Medium,0,"Patient Eligibility Not Verified, Has Prior Auth, High-risk segment: Payer ID: P010",
CCLM-00418,0.5186792136493327,Medium,0,"Billed Per Procedure, High-risk segment: Payer ID: P006, High-risk segment: Payer: Medicare Advantage",
CCLM-00157,0.5171410052927319,Medium,0,"Patient Eligibility Not Verified, Num Procedures, High-risk segment: Payer ID: P010",
CCLM-00384,0.5170723068239903,Medium,0,"Missing Supporting Documentation, Has Prior Auth, Multiple administrative gaps",
CCLM-00464,0.514562857245483,Medium,0,"Late Claim Submission (>30 days), Billed Per Diagnosis, High-risk segment: Payer ID: P010",
CCLM-00413,0.5119067699681347,Medium,0,"High-risk segment: Payer ID: P003, Patient Eligibility Not Verified, Submission Delay",
CCLM-00126,0.5102281353796112,Medium,0,"Late Claim Submission (>30 days), Missing Supporting Documentation, Has Prior Auth",
CCLM-00054,0.5098521281494983,Medium,0,"Num Procedures, Missing Supporting Documentation, High-risk segment: Visit: Inpatient",
CCLM-00212,0.5073188739204338,Medium,0,"Missing Required Referral, High-risk segment: Payer: Medicaid MCO, High-risk segment: Visit: Inpatient",
CCLM-00006,0.5063946146573621,Medium,0,"Multiple administrative gaps, Missing Supporting Documentation, High-risk segment: Payer ID: P010",
CCLM-00474,0.505102868983517,Medium,0,"Num Procedures, High-risk segment: Payer ID: P006, High-risk segment: Visit: Inpatient",
CCLM-00032,0.5044565468572977,Medium,0,"Missing Supporting Documentation, Multiple administrative gaps, Referral Required",
CCLM-00215,0.5030353687362534,Medium,0,"High-risk segment: Payer ID: P008, High-risk segment: Payer: Medicaid MCO, Payment Ratio",
CCLM-00009,0.5026413033633826,Medium,0,"High-risk segment: Payer ID: P008, High-risk segment: Payer: Medicaid MCO, Payment Ratio",
CCLM-00487,0.49879271131564684,Medium,0,"Late Claim Submission (>30 days), High-risk segment: Payer ID: P010, High-risk segment: Visit: Outpatient",
CCLM-00478,0.49757227384460245,Medium,0,"High-risk segment: Payer ID: P008, High-risk segment: Payer: Medicaid MCO, Has Prior Auth",
CCLM-00202,0.49735150503195175,Medium,0,"Missing Supporting Documentation, Num Procedures, High-risk segment: Visit: Inpatient",
CCLM-00375,0.49639128788566894,Medium,0,"High-risk segment: Payer ID: P008, High-risk segment: Payer: Medicaid MCO, Payment Ratio",
CCLM-00424,0.4946253107666162,Medium,0,"Late Claim Submission (>30 days), High-risk segment: Payer: Medicaid MCO, Referral Present",
CCLM-00020,0.4933280149518229,Medium,0,"Num Procedures, Patient Eligibility Not Verified, High-risk segment: Visit: Inpatient",
CCLM-00017,0.49134660190869395,Medium,0,"Missing Supporting Documentation, Has Prior Auth, High-risk segment: Payer ID: P010",
CCLM-00397,0.49131774588469335,Medium,0,"High-risk segment: Payer ID: P008, High-risk segment: Payer: Medicaid MCO, Has Prior Auth",
CCLM-00039,0.4910978403821028,Medium,0,"Missing Supporting Documentation, Has Prior Auth, Multiple administrative gaps",
CCLM-00190,0.49026487005759556,Medium,0,"Multiple administrative gaps, High-risk segment: Payer: Medicaid MCO, Patient Eligibility Not Verified",
CCLM-00073,0.48949216789355837,Medium,0,"High-risk segment: Payer ID: P008, High-risk segment: Payer: Medicaid MCO, Num Procedures",
CCLM-00235,0.487538213038841,Medium,0,"Late Claim Submission (>30 days), High-risk segment: Payer ID: P006, High-risk segment: Payer: Medicare Advantage",
CCLM-00488,0.4866925071767783,Medium,0,"High-risk segment: Payer ID: P008, High-risk segment: Payer: Medicaid MCO, Payment Ratio",
CCLM-00408,0.48606471210693564,Medium,0,"High-risk segment: Payer ID: P008, High-risk segment: Payer: Medicaid MCO, Has Prior Auth",
CCLM-00257,0.48287628949941647,Medium,0,"High-risk segment: Payer ID: P006, High-risk segment: Payer: Medicare Advantage, Has Prior Auth",
CCLM-00331,0.482503521534148,Medium,0,"Patient Eligibility Not Verified, High-risk segment: Payer: Medicare Advantage, Has Prior Auth",
CCLM-00248,0.4821278239856003,Medium,0,"Missing Supporting Documentation, High-risk segment: Visit: Inpatient, Has Prior Auth",
CCLM-00005,0.4817429569842136,Medium,0,"High-risk segment: Payer ID: P008, High-risk segment: Payer: Medicaid MCO, Payment Ratio",
CCLM-00354,0.4787700362975216,Medium,0,"Late Claim Submission (>30 days), High-risk segment: Payer: Medicaid MCO, Payment Ratio",
CCLM-00282,0.4727245316634667,Medium,0,"Missing Required Referral, High-risk segment: Payer ID: P006, Payment Ratio",
CCLM-00154,0.470896774256546,Medium,0,"Missing Required Prior Authorization, Multiple administrative gaps, High-risk segment: Visit: Outpatient",
CCLM-00373,0.46997380015988033,Medium,0,"Late Claim Submission (>30 days), High-risk segment: Visit: Inpatient, Has Prior Auth",
CCLM-00412,0.4690845986471414,Medium,0,"Late Claim Submission (>30 days), Patient Eligibility Not Verified, Multiple administrative gaps",
CCLM-00495,0.46823064558650784,Medium,0,"High-risk segment: Payer ID: P006, High-risk segment: Payer: Medicare Advantage, Has Prior Auth",
CCLM-00121,0.4671816782020623,Medium,0,"Billed Per Procedure, High-risk segment: Payer ID: P006, High-risk segment: Payer: Medicare Advantage",
CCLM-00360,0.4641526745927026,Medium,0,"High-risk segment: Payer ID: P006, High-risk segment: Payer: Medicare Advantage, Payment Ratio",
CCLM-00313,0.4638056684817816,Medium,0,"Billed Per Procedure, Late Claim Submission (>30 days), Log Total Billed",
CCLM-00178,0.4621526372102972,Medium,0,"High-risk segment: Payer ID: P008, High-risk segment: Payer: Medicaid MCO, Payment Ratio",
CCLM-00199,0.45980973133924075,Medium,0,"Patient Eligibility Not Verified, Has Prior Auth, Multiple administrative gaps",
CCLM-00436,0.4594549421632066,Medium,0,"High-risk segment: Payer ID: P006, High-risk segment: Visit: Inpatient, High-risk segment: Payer: Medicare Advantage",
CCLM-00341,0.4583704284783689,Medium,0,"Missing Required Referral, High-risk segment: Payer ID: P006, High-risk segment: Payer: Medicare Advantage",
CCLM-00339,0.4550406026931753,Medium,0,"High-risk segment: Payer ID: P008, High-risk segment: Payer: Medicaid MCO, Payment Ratio",
CCLM-00369,0.45282952394634496,Medium,0,"High-risk segment: Payer ID: P006, High-risk segment: Payer: Medicare Advantage, Submission Delay",
CCLM-00349,0.4522942939400481,Medium,0,"Num Procedures, High-risk segment: Visit: Inpatient, High-risk segment: Payer: Medicare Advantage",
CCLM-00277,0.4509305038218436,Medium,0,"Missing Required Referral, Multiple administrative gaps, High-risk segment: Visit: Inpatient",
CCLM-00145,0.4486525438715585,Medium,0,"Patient Eligibility Not Verified, High-risk segment: Visit: Inpatient, Multiple administrative gaps",
CCLM-00315,0.44860865432204805,Medium,0,"Num Procedures, High-risk segment: Payer: Medicaid MCO, High-risk segment: Visit: Inpatient",
CCLM-00319,0.44370925787906046,Medium,0,"High-risk segment: Payer: Medicaid MCO, High-risk segment: Visit: Inpatient, Has Prior Auth",
CCLM-00191,0.4426687234438399,Medium,0,"High-risk segment: Payer: Medicaid MCO, Num Procedures, High-risk segment: Visit: Inpatient",
CCLM-00012,0.4400370170557575,Medium,0,"High-risk segment: Payer ID: P006, High-risk segment: Payer: Medicare Advantage, Late Claim Submission (>30 days)",
CCLM-00314,0.43861554450590273,Medium,0,"High-risk segment: Payer ID: P003, Missing Required Referral, High-risk segment: Visit: Inpatient",
CCLM-00448,0.43823285938939655,Medium,0,"Missing Required Prior Authorization, Multiple administrative gaps, High-risk segment: Visit: Outpatient",
CCLM-00278,0.4364886883951217,Medium,0,"High-risk segment: Payer ID: P006, High-risk segment: Payer: Medicare Advantage, Has Prior Auth",
CCLM-00337,0.43616197999876394,Medium,0,"Missing Supporting Documentation, High-risk segment: Visit: Inpatient, Has Prior Auth",
CCLM-00390,0.43543918701942363,Medium,0,"High-risk segment: Payer ID: P003, Billed Per Procedure, High-risk segment: Visit: Inpatient",
CCLM-00441,0.4339805467028546,Medium,0,"Patient Eligibility Not Verified, High-risk segment: Payer: Medicare Advantage, Multiple administrative gaps",
CCLM-00362,0.43342895745021565,Medium,0,"Num Procedures, High-risk segment: Payer ID: P003, High-risk segment: Visit: Inpatient",
CCLM-00148,0.4324431869362359,Medium,0,"Num Procedures, Patient Eligibility Not Verified, High-risk segment: Visit: Inpatient",
CCLM-00050,0.4318884359904719,Medium,0,"Patient Eligibility Not Verified, Submission Delay, Has Prior Auth",
CCLM-00089,0.4300720927749627,Medium,0,"High-risk segment: Payer: Medicaid MCO, High-risk segment: Visit: Inpatient, Payment Ratio",
CCLM-00014,0.4272836751444993,Medium,0,"Missing Required Referral, High-risk segment: Payer: Medicaid MCO, Multiple administrative gaps",
CCLM-00081,0.42687132948427986,Medium,0,"High-risk segment: Payer ID: P006, High-risk segment: Payer: Medicare Advantage, Late Claim Submission (>30 days)",
CCLM-00450,0.42519965616739674,Medium,0,"Missing Required Referral, High-risk segment: Payer ID: P006, High-risk segment: Payer: Medicare Advantage",
CCLM-00142,0.4249247839742754,Medium,0,"Missing Required Prior Authorization, Multiple administrative gaps, High-risk segment: Visit: Outpatient",
CCLM-00091,0.4248558973121175,Medium,0,"Late Claim Submission (>30 days), Has Prior Auth, Referral Present",
CCLM-00466,0.42395047411892517,Medium,0,"High-risk segment: Payer ID: P006, High-risk segment: Payer: Medicare Advantage, High-risk segment: Visit: Outpatient",
CCLM-00498,0.4234448779542856,Medium,0,"High-risk segment: Payer: Medicaid MCO, Has Prior Auth, Referral Required",
CCLM-00262,0.4233543871237818,Medium,0,"High-risk segment: Visit: Inpatient, High-risk segment: Payer: Medicare Advantage, Has Prior Auth",
CCLM-00110,0.4227059057392236,Medium,0,"High-risk segment: Payer ID: P008, High-risk segment: Payer: Medicaid MCO, Referral Present",
CCLM-00149,0.41956618949949553,Medium,0,"High-risk segment: Payer ID: P006, High-risk segment: Visit: Inpatient, High-risk segment: Payer: Medicare Advantage",
CCLM-00025,0.4184894622775663,Medium,0,"Missing Required Referral, Has Prior Auth, Multiple administrative gaps",
CCLM-00070,0.4178932988653182,Medium,0,"Late Claim Submission (>30 days), Has Prior Auth, High-risk segment: Visit: Outpatient",
CCLM-00045,0.41783883140194283,Medium,0,"High-risk segment: Payer ID: P008, High-risk segment: Payer: Medicaid MCO, Payment Ratio",
CCLM-00171,0.4156270499973834,Medium,0,"Missing Supporting Documentation, Multiple administrative gaps, High-risk segment: Visit: Outpatient",
CCLM-00371,0.4150727769623978,Medium,0,"Missing Required Prior Authorization, Multiple administrative gaps, High-risk segment: Visit: Outpatient",
CCLM-00411,0.415031221283947,Medium,0,"Num Procedures, High-risk segment: Payer ID: P003, High-risk segment: Visit: Inpatient",
CCLM-00080,0.4141816419170827,Medium,0,"Late Claim Submission (>30 days), Has Prior Auth, Referral Required",
CCLM-00128,0.4125798717849403,Medium,0,"High-risk segment: Payer ID: P008, High-risk segment: Payer: Medicaid MCO, Payment Ratio",
CCLM-00092,0.4102497683825698,Medium,0,"Billed Per Procedure, High-risk segment: Visit: Inpatient, Log Total Billed",
CCLM-00120,0.40929884175769793,Medium,0,"High-risk segment: Payer ID: P006, High-risk segment: Payer: Medicare Advantage, Has Prior Auth",
CCLM-00024,0.40879113203076556,Medium,0,"Num Procedures, High-risk segment: Visit: Inpatient, Has Prior Auth",
CCLM-00114,0.4073629519195796,Medium,0,"Billed Per Procedure, High-risk segment: Payer ID: P003, High-risk segment: Visit: Inpatient",
CCLM-00321,0.40583662384237323,Medium,0,"Missing Supporting Documentation, Late Claim Submission (>30 days), Multiple administrative gaps",
CCLM-00423,0.40566877933716694,Medium,0,"Late Claim Submission (>30 days), High-risk segment: Payer ID: P010, High-risk segment: Visit: Outpatient",
CCLM-00320,0.4054143941184828,Low,0,"High-risk segment: Payer: Medicaid MCO, Payment Ratio, High-risk segment: Visit: Outpatient",
CCLM-00052,0.4054063726655933,Low,0,"Missing Supporting Documentation, Num Procedures, Multiple administrative gaps",
CCLM-00379,0.40447775523358076,Low,0,"High-risk segment: Payer: Medicaid MCO, Referral Required, Prior Auth Required",
CCLM-00122,0.4028234871598823,Low,0,"High-risk segment: Payer ID: P006, High-risk segment: Payer: Medicare Advantage, High-risk segment: Visit: Outpatient",
CCLM-00484,0.4023480074674523,Low,0,"High-risk segment: Payer ID: P006, High-risk segment: Payer: Medicare Advantage, High-risk segment: Visit: Outpatient",
CCLM-00394,0.4015660703265209,Low,0,"High-risk segment: Payer: Medicaid MCO, Multiple administrative gaps, High-risk segment: Visit: Outpatient",
CCLM-00251,0.40026451448280903,Low,0,"Has Prior Auth, High-risk segment: Payer ID: P010, High-risk segment: Visit: Outpatient",
CCLM-00291,0.39995137883442683,Low,0,"High-risk segment: Payer: Medicaid MCO, Payment Ratio, Referral Required",
CCLM-00036,0.39925879419617255,Low,0,"Late Claim Submission (>30 days), Referral Required, Prior Auth Required",
CCLM-00333,0.39865372988111436,Low,0,"High-risk segment: Payer ID: P006, High-risk segment: Payer: Medicare Advantage, Late Claim Submission (>30 days)",
CCLM-00287,0.39790790954041666,Low,0,"Multiple administrative gaps, Missing Supporting Documentation, Has Prior Auth",
CCLM-00393,0.39702871161787606,Low,0,"Missing Supporting Documentation, Multiple administrative gaps, High-risk segment: Visit: Outpatient",
CCLM-00449,0.396363311752813,Low,0,"High-risk segment: Payer: Medicaid MCO, Has Prior Auth, Multiple administrative gaps",
CCLM-00048,0.396192373407899,Low,0,"High-risk segment: Payer ID: P003, High-risk segment: Visit: Inpatient, Has Prior Auth",
CCLM-00002,0.3948227249997223,Low,0,"Late Claim Submission (>30 days), High-risk segment: Payer ID: P003, Has Prior Auth",
CCLM-00188,0.3939900798912144,Low,0,"Num Procedures, High-risk segment: Visit: Inpatient, High-risk segment: Payer: Medicare Advantage",
CCLM-00398,0.3939649346847334,Low,0,"High-risk segment: Payer ID: P006, High-risk segment: Payer: Medicare Advantage, Has Prior Auth",
CCLM-00490,0.39357619380237463,Low,0,"Missing Required Referral, Multiple administrative gaps, Prior Auth Required",
CCLM-00312,0.39266739184170923,Low,0,"Missing Supporting Documentation, Num Procedures, Multiple administrative gaps",
CCLM-00150,0.3921696957710168,Low,0,"High-risk segment: Payer: Medicare Advantage, Submission Delay, Has Prior Auth",
CCLM-00004,0.391976072618283,Low,0,"High-risk segment: Payer ID: P003, High-risk segment: Visit: Inpatient, Billed Per Procedure",
CCLM-00275,0.39038718952310986,Low,0,"High-risk segment: Payer: Medicaid MCO, High-risk segment: Visit: Inpatient, Payment Ratio",
CCLM-00169,0.39007262421814026,Low,0,"High-risk segment: Payer: Medicaid MCO, Has Prior Auth, Payment Ratio",
CCLM-00061,0.38765710930208924,Low,0,"Late Claim Submission (>30 days), Multiple administrative gaps, Referral Required",
CCLM-00438,0.3874341180771182,Low,0,"Num Procedures, High-risk segment: Visit: Inpatient, Has Prior Auth",
CCLM-00067,0.38742526835122265,Low,0,"High-risk segment: Payer: Medicaid MCO, Payment Ratio, Has Prior Auth",
CCLM-00233,0.3868426250644041,Low,0,"Missing Required Referral, High-risk segment: Payer: Medicare Advantage, Has Prior Auth",
CCLM-00355,0.3865827274952861,Low,0,"Late Claim Submission (>30 days), High-risk segment: Visit: Inpatient, Has Prior Auth",
CCLM-00452,0.3845109443963824,Low,0,"High-risk segment: Payer: Medicaid MCO, Payment Ratio, Multiple administrative gaps",
CCLM-00216,0.3817469593799724,Low,0,"Patient Eligibility Not Verified, Has Prior Auth, Multiple administrative gaps",
CCLM-00015,0.380353086837422,Low,0,"High-risk segment: Payer ID: P003, Billed Per Procedure, High-risk segment: Visit: Inpatient",
CCLM-00325,0.38027948466805567,Low,0,"High-risk segment: Payer: Medicaid MCO, Payment Ratio, Referral Required",
CCLM-00031,0.3792117339290919,Low,0,"High-risk segment: Visit: Inpatient, Billed Per Procedure, Has Prior Auth",
CCLM-00238,0.3784352292533908,Low,0,"Late Claim Submission (>30 days), Has Prior Auth, High-risk segment: Visit: Outpatient",
CCLM-00097,0.3783140565931925,Low,0,"Num Procedures, High-risk segment: Payer ID: P010, Multiple administrative gaps",
CCLM-00374,0.37788736045261556,Low,0,"High-risk segment: Payer: Medicaid MCO, Referral Present, High-risk segment: Visit: Outpatient",
CCLM-00101,0.376159301602074,Low,0,"High-risk segment: Payer: Medicaid MCO, Payment Ratio, Num Procedures",
CCLM-00060,0.3761536765436427,Low,0,"Billed Per Procedure, High-risk segment: Payer: Medicare Advantage, Has Prior Auth",
CCLM-00141,0.37609487608702175,Low,0,"High-risk segment: Payer: Medicaid MCO, Billed Per Procedure, Referral Present",
CCLM-00359,0.375923703510142,Low,0,"Billed Per Procedure, High-risk segment: Visit: Inpatient, Log Total Billed",
CCLM-00113,0.37160515777465647,Low,0,"High-risk segment: Payer ID: P006, High-risk segment: Payer: Medicare Advantage, Referral Required",
CCLM-00074,0.371168771143612,Low,0,"High-risk segment: Payer ID: P010, High-risk segment: Visit: Outpatient, Referral Required",
CCLM-00194,0.37046866411744883,Low,0,"High-risk segment: Payer: Medicaid MCO, Has Prior Auth, Payment Ratio",
CCLM-00472,0.3690948157470863,Low,0,"High-risk segment: Visit: Inpatient, Num Diagnoses, Has Prior Auth",
CCLM-00144,0.36894552264274294,Low,0,"Billed Per Procedure, High-risk segment: Payer: Medicaid MCO, High-risk segment: Visit: Inpatient",
CCLM-00076,0.36888743103616595,Low,0,"High-risk segment: Payer: Medicaid MCO, Payment Ratio, High-risk segment: Visit: Outpatient",
CCLM-00066,0.3643042660918364,Low,0,"High-risk segment: Payer: Medicare Advantage, Has Prior Auth, High-risk segment: Visit: Outpatient",
CCLM-00095,0.36307098289788864,Low,0,"Billed Per Procedure, High-risk segment: Payer: Medicare Advantage, Has Prior Auth",
CCLM-00486,0.36250561784738433,Low,0,"Num Procedures, High-risk segment: Payer: Medicare Advantage, Referral Required",
CCLM-00109,0.3616613007566759,Low,0,"High-risk segment: Payer: Medicaid MCO, Num Procedures, Payment Ratio",
CCLM-00430,0.36042626092694036,Low,0,"Patient Eligibility Not Verified, Submission Delay, Multiple administrative gaps",
CCLM-00395,0.3597907568628681,Low,0,"Num Procedures, High-risk segment: Visit: Inpatient, Has Prior Auth",
CCLM-00065,0.35972711683245795,Low,0,"Late Claim Submission (>30 days), Multiple administrative gaps, Referral Required",
CCLM-00183,0.35840610794707994,Low,0,"High-risk segment: Payer ID: P006, High-risk segment: Payer: Medicare Advantage, Submission Delay",
CCLM-00260,0.3574958907784277,Low,0,"High-risk segment: Payer ID: P006, High-risk segment: Payer: Medicare Advantage, Referral Present",
CCLM-00440,0.35693107767927595,Low,0,"High-risk segment: Visit: Inpatient, Has Prior Auth, High-risk segment: Payer ID: P010",
CCLM-00040,0.3554756320024827,Low,0,"Billed Per Procedure, High-risk segment: Visit: Inpatient, Log Total Billed",
CCLM-00038,0.3546424926567221,Low,0,"High-risk segment: Payer ID: P006, High-risk segment: Payer: Medicare Advantage, Referral Present",
CCLM-00162,0.3544842534276619,Low,0,"High-risk segment: Payer ID: P003, Multiple administrative gaps, Referral Present",
CCLM-00243,0.35416572806058294,Low,0,"High-risk segment: Payer ID: P010, High-risk segment: Visit: Outpatient, Referral Required",
CCLM-00429,0.3533546328531141,Low,0,"High-risk segment: Payer ID: P006, High-risk segment: Payer: Medicare Advantage, Referral Present",
CCLM-00422,0.3517329902036029,Low,0,"High-risk segment: Payer: Medicaid MCO, Payment Ratio, Multiple administrative gaps",
CCLM-00404,0.3507106434673435,Low,0,"High-risk segment: Payer: Medicaid MCO, Has Prior Auth, Payment Ratio",
CCLM-00298,0.34804565628054607,Low,0,"Has Prior Auth, High-risk segment: Payer ID: P010, Referral Present",
CCLM-00281,0.345068202151873,Low,0,"Num Procedures, High-risk segment: Payer ID: P010, Referral Required",
CCLM-00112,0.3444544830404241,Low,0,"High-risk segment: Payer ID: P003, Has Prior Auth, High-risk segment: Visit: Outpatient",
CCLM-00283,0.3429372544688309,Low,0,"Submission Delay, High-risk segment: Payer ID: P010, High-risk segment: Visit: Outpatient",
CCLM-00249,0.34287483518786693,Low,0,"High-risk segment: Payer ID: P003, High-risk segment: Visit: Outpatient, Referral Required",
CCLM-00451,0.3417747140362581,Low,0,"Submission Delay, Has Prior Auth, High-risk segment: Payer ID: P010",
CCLM-00229,0.34110806833990615,Low,0,"High-risk segment: Payer ID: P010, High-risk segment: Visit: Outpatient, Referral Required",
CCLM-00367,0.3408557230058999,Low,0,"High-risk segment: Payer: Medicaid MCO, Referral Required, Prior Auth Required",
CCLM-00018,0.3373103121663695,Low,0,"High-risk segment: Payer: Medicaid MCO, Payment Ratio, Multiple administrative gaps",
CCLM-00266,0.3369927275962598,Low,0,"Late Claim Submission (>30 days), High-risk segment: Visit: Outpatient, Referral Required",
CCLM-00286,0.33650568416004134,Low,0,"High-risk segment: Payer ID: P003, Missing Required Referral, Multiple administrative gaps",
CCLM-00460,0.3354091408927869,Low,0,"Submission Delay, Has Prior Auth, High-risk segment: Payer ID: P010",
CCLM-00271,0.3347864697992978,Low,0,"High-risk segment: Payer: Medicaid MCO, Payment Ratio, Referral Present",
CCLM-00008,0.3347844809143058,Low,0,"Has Prior Auth, Num Procedures, High-risk segment: Visit: Outpatient",
CCLM-00140,0.3340004384459965,Low,0,"Payment Ratio, High-risk segment: Payer: Medicare Advantage, Submission Delay",
CCLM-00489,0.3337010782929147,Low,0,"High-risk segment: Payer: Medicare Advantage, Referral Required, Prior Auth Required",
CCLM-00159,0.3328937738488363,Low,0,"Billed Per Procedure, High-risk segment: Visit: Inpatient, Log Total Billed",
CCLM-00241,0.3327199733950828,Low,0,"Late Claim Submission (>30 days), Has Prior Auth, High-risk segment: Visit: Outpatient",
CCLM-00301,0.3321722053805235,Low,0,"High-risk segment: Payer ID: P003, High-risk segment: Visit: Inpatient, Has Prior Auth",
CCLM-00223,0.3319086672202018,Low,0,"High-risk segment: Payer: Medicare Advantage, Referral Present, High-risk segment: Visit: Outpatient",
CCLM-00035,0.32941495023273665,Low,0,"High-risk segment: Payer ID: P003, High-risk segment: Visit: Outpatient, Referral Required",
CCLM-00118,0.3289878624554516,Low,0,"High-risk segment: Payer: Medicare Advantage, Referral Required, Prior Auth Required",
CCLM-00437,0.3286581804951039,Low,0,"High-risk segment: Payer: Medicaid MCO, Has Prior Auth, Referral Required",
CCLM-00200,0.3271817682974038,Low,0,"High-risk segment: Visit: Inpatient, Has Prior Auth, Late Claim Submission (>30 days)",
CCLM-00129,0.3266148086900592,Low,0,"High-risk segment: Visit: Outpatient, Referral Required, Prior Auth Required",
CCLM-00219,0.32633525850790907,Low,0,"Patient Eligibility Not Verified, Multiple administrative gaps, High-risk segment: Visit: Outpatient",
CCLM-00069,0.3256299477627284,Low,0,"High-risk segment: Payer ID: P003, Submission Delay, High-risk segment: Visit: Outpatient",
CCLM-00417,0.3254752793902795,Low,0,"Late Claim Submission (>30 days), Billed Per Procedure, High-risk segment: Visit: Outpatient",
CCLM-00193,0.325057642013689,Low,0,"Num Procedures, High-risk segment: Visit: Inpatient, Has Prior Auth",
CCLM-00030,0.3245965038515996,Low,0,"High-risk segment: Payer: Medicaid MCO, Payment Ratio, Has Prior Auth",
CCLM-00220,0.3243865745714258,Low,0,"Missing Required Referral, High-risk segment: Payer ID: P010, Multiple administrative gaps",
CCLM-00316,0.3227724302402569,Low,0,"Referral Present, High-risk segment: Visit: Outpatient, Referral Required",
CCLM-00007,0.3225051257198446,Low,0,"Patient Eligibility Not Verified, Submission Delay, Multiple administrative gaps",
CCLM-00292,0.32194478564628554,Low,0,"High-risk segment: Payer ID: P003, Num Procedures, High-risk segment: Visit: Inpatient",
CCLM-00021,0.3212622603666899,Low,0,"High-risk segment: Payer ID: P003, Submission Delay, High-risk segment: Visit: Outpatient",
CCLM-00086,0.3196098359246701,Low,0,"High-risk segment: Payer ID: P010, Referral Required, Prior Auth Required",
CCLM-00351,0.31752473141539556,Low,0,"High-risk segment: Payer ID: P003, High-risk segment: Visit: Outpatient, Referral Required",
CCLM-00332,0.3174424249702312,Low,0,"High-risk segment: Payer: Medicaid MCO, Payment Ratio, Referral Required",
CCLM-00164,0.3164598743000499,Low,0,"High-risk segment: Payer: Medicaid MCO, Has Prior Auth, High-risk segment: Visit: Outpatient",
CCLM-00469,0.3162075004487274,Low,0,"High-risk segment: Payer: Medicaid MCO, Payment Ratio, Has Prior Auth",
CCLM-00245,0.315741688073413,Low,0,"High-risk segment: Payer ID: P010, Referral Required, Prior Auth Required",
CCLM-00409,0.3154627209384789,Low,0,"Patient Eligibility Not Verified, Multiple administrative gaps, Referral Required",
CCLM-00343,0.31398570118048275,Low,0,"Has Prior Auth, High-risk segment: Visit: Outpatient, Late Claim Submission (>30 days)",
CCLM-00366,0.31319082157177486,Low,0,"Patient Eligibility Not Verified, Has Prior Auth, Multiple administrative gaps",
CCLM-00047,0.31218831026330135,Low,0,"High-risk segment: Payer ID: P003, Submission Delay, Has Prior Auth",
CCLM-00107,0.31176600793105524,Low,0,"Patient Eligibility Not Verified, Multiple administrative gaps, High-risk segment: Visit: Outpatient",
CCLM-00496,0.3116254328006118,Low,0,"High-risk segment: Payer: Medicare Advantage, Payment Ratio, Late Claim Submission (>30 days)",
CCLM-00444,0.3115809555295608,Low,0,"Submission Delay, Has Prior Auth, High-risk segment: Payer ID: P010",
CCLM-00479,0.3113616599463415,Low,0,"Has Prior Auth, High-risk segment: Visit: Outpatient, Referral Required",
CCLM-00350,0.31049501516827116,Low,0,"High-risk segment: Payer ID: P003, Billed Per Procedure, Submission Delay",
CCLM-00227,0.30771925608911,Low,0,"Num Procedures, Referral Required, Prior Auth Required",
CCLM-00428,0.3068833294555529,Low,0,"High-risk segment: Payer ID: P003, Has Prior Auth, Referral Required",
CCLM-00256,0.30653288077317503,Low,0,"Has Prior Auth, High-risk segment: Visit: Outpatient, Referral Required",
CCLM-00106,0.3065236796537091,Low,0,"High-risk segment: Payer: Medicaid MCO, Payment Ratio, Has Prior Auth",
CCLM-00346,0.30601729408507816,Low,0,"High-risk segment: Payer ID: P003, Submission Delay, Has Prior Auth",
CCLM-00079,0.30483042673030647,Low,0,"High-risk segment: Payer: Medicare Advantage, Has Prior Auth, Referral Required",
CCLM-00016,0.3047074789103738,Low,0,"High-risk segment: Visit: Outpatient, Referral Required, Prior Auth Required",
CCLM-00075,0.3044284035058862,Low,0,"High-risk segment: Payer: Medicaid MCO, Payment Ratio, Referral Required",
CCLM-00309,0.30416256219540605,Low,0,"High-risk segment: Payer ID: P003, High-risk segment: Visit: Outpatient, Referral Required",
CCLM-00132,0.303641753924908,Low,0,"Num Procedures, High-risk segment: Visit: Inpatient, Has Prior Auth",
CCLM-00181,0.3029263539471784,Low,0,"Late Claim Submission (>30 days), High-risk segment: Visit: Outpatient, Referral Required",
CCLM-00306,0.3001766656632075,Low,0,"Num Procedures, Late Claim Submission (>30 days), Referral Required",
CCLM-00480,0.29809332720871606,Low,0,"High-risk segment: Payer ID: P003, Submission Delay, High-risk segment: Visit: Outpatient",
CCLM-00083,0.29692297721541255,Low,0,"High-risk segment: Payer ID: P003, Submission Delay, High-risk segment: Visit: Outpatient",
CCLM-00434,0.29569850142797494,Low,0,"High-risk segment: Payer ID: P003, High-risk segment: Visit: Outpatient, Referral Required",
CCLM-00246,0.2939243967443313,Low,0,"Late Claim Submission (>30 days), Referral Required, Prior Auth Required",
CCLM-00197,0.29333003241714534,Low,0,"High-risk segment: Payer ID: P003, Num Procedures, Referral Present",
CCLM-00027,0.29254461254464303,Low,0,"High-risk segment: Payer: Medicare Advantage, Referral Present, High-risk segment: Visit: Outpatient",
CCLM-00071,0.2920995519780663,Low,0,"High-risk segment: Payer: Medicaid MCO, Payment Ratio, Has Prior Auth",
CCLM-00057,0.291442477110705,Low,0,"Billed Per Procedure, High-risk segment: Payer: Medicaid MCO, Referral Present",
CCLM-00340,0.28929537981413206,Low,0,"High-risk segment: Visit: Inpatient, Submission Delay, Has Prior Auth",
CCLM-00261,0.2878493346606584,Low,0,"Submission Delay, Multiple administrative gaps, High-risk segment: Visit: Outpatient",
CCLM-00059,0.28781516580440225,Low,0,"High-risk segment: Payer ID: P003, Submission Delay, High-risk segment: Visit: Outpatient",
CCLM-00420,0.28676925863997355,Low,0,"High-risk segment: Visit: Outpatient, Referral Required, Prior Auth Required",
CCLM-00201,0.2861463300522009,Low,0,"High-risk segment: Payer ID: P003, Num Procedures, Referral Required",
CCLM-00457,0.2850542241193972,Low,0,"Log Total Billed, Referral Required, Prior Auth Required",
CCLM-00348,0.28184444830321215,Low,0,"Missing Required Referral, Num Procedures, Multiple administrative gaps",
CCLM-00353,0.28134133987748344,Low,0,"Late Claim Submission (>30 days), Has Prior Auth, Multiple administrative gaps",
CCLM-00454,0.2805274399196165,Low,0,"Has Prior Auth, High-risk segment: Payer ID: P010, High-risk segment: Visit: Outpatient",
CCLM-00363,0.2800048440777997,Low,0,"Submission Delay, High-risk segment: Payer ID: P010, Referral Present",
CCLM-00043,0.27964213742073507,Low,0,"High-risk segment: Payer: Medicaid MCO, Has Prior Auth, Referral Present",
CCLM-00330,0.279346004588768,Low,0,"High-risk segment: Payer ID: P003, Submission Delay, Has Prior Auth",
CCLM-00297,0.27827824034040394,Low,0,"Has Prior Auth, High-risk segment: Visit: Outpatient, Referral Required",
CCLM-00265,0.2777034044319017,Low,0,"Billed Per Procedure, Multiple administrative gaps, High-risk segment: Visit: Outpatient",
CCLM-00389,0.27736143230439086,Low,0,"Submission Delay, High-risk segment: Visit: Outpatient, Referral Required",
CCLM-00453,0.27649760466404255,Low,0,"Num Procedures, Late Claim Submission (>30 days), Referral Required",
CCLM-00078,0.27551339399739383,Low,0,"Num Procedures, High-risk segment: Visit: Outpatient, Referral Required",
CCLM-00211,0.27506000795729935,Low,0,"High-risk segment: Payer ID: P003, Submission Delay, Referral Present",
CCLM-00342,0.27422315133663344,Low,0,"High-risk segment: Visit: Inpatient, Submission Delay, Has Prior Auth",
CCLM-00160,0.27247107614093224,Low,0,"High-risk segment: Payer ID: P010, Referral Required, Prior Auth Required",
CCLM-00133,0.2717163078711937,Low,0,"Has Prior Auth, High-risk segment: Payer ID: P010, Multiple administrative gaps",
CCLM-00414,0.2708523229441838,Low,0,"Has Prior Auth, High-risk segment: Visit: Outpatient, Referral Required",
CCLM-00034,0.26949299255455905,Low,0,"Num Procedures, High-risk segment: Visit: Inpatient, Has Prior Auth",
CCLM-00218,0.26697428818373675,Low,0,"Has Prior Auth, Multiple administrative gaps, High-risk segment: Visit: Outpatient",
CCLM-00033,0.26684949940584535,Low,0,"High-risk segment: Visit: Inpatient, Has Prior Auth, Referral Present",
CCLM-00300,0.26623844564383686,Low,0,"Billed Per Procedure, Has Prior Auth, High-risk segment: Visit: Outpatient",
CCLM-00391,0.26454414769273915,Low,0,"High-risk segment: Payer ID: P003, Referral Required, Prior Auth Required",
CCLM-00396,0.2644539272988529,Low,0,"Num Procedures, Referral Required, Prior Auth Required",
CCLM-00274,0.2639093403489506,Low,0,"Num Procedures, High-risk segment: Visit: Inpatient, Referral Required",
CCLM-00210,0.26387061236222453,Low,0,"Billed Per Procedure, Referral Present, Log Total Billed",
CCLM-00302,0.2635078888378561,Low,0,"High-risk segment: Payer ID: P003, Late Claim Submission (>30 days), Referral Required",
CCLM-00172,0.2603911878688566,Low,0,"High-risk segment: Visit: Inpatient, Has Prior Auth, Multiple administrative gaps",
CCLM-00387,0.2593681465527715,Low,0,"Missing Required Referral, Billed Per Procedure, Submission Delay",
CCLM-00497,0.25879193501423514,Low,0,"Multiple administrative gaps, Patient Eligibility Not Verified, Submission Delay",
CCLM-00175,0.2574996774078985,Low,0,"Num Procedures, High-risk segment: Visit: Inpatient, Has Prior Auth",
CCLM-00289,0.25747456618949766,Low,0,"Has Prior Auth, High-risk segment: Visit: Outpatient, Referral Required",
CCLM-00264,0.25698556389292165,Low,0,"Num Procedures, Referral Required, Prior Auth Required",
CCLM-00267,0.2566766465436642,Low,0,"High-risk segment: Payer ID: P003, Referral Present, High-risk segment: Visit: Outpatient",
CCLM-00347,0.25627918218397566,Low,0,"Multiple administrative gaps, High-risk segment: Visit: Outpatient, Referral Required",
CCLM-00336,0.25607358519728124,Low,0,"High-risk segment: Payer ID: P003, Num Procedures, Referral Present",
CCLM-00400,0.25575148778838724,Low,0,"High-risk segment: Payer ID: P003, High-risk segment: Visit: Outpatient, Referral Required",
CCLM-00293,0.2553454258632163,Low,0,"High-risk segment: Payer: Medicare Advantage, Referral Present, High-risk segment: Visit: Outpatient",
CCLM-00198,0.25485531756164986,Low,0,"Late Claim Submission (>30 days), High-risk segment: Visit: Outpatient, Referral Required",
CCLM-00426,0.25294388436944937,Low,0,"Has Prior Auth, High-risk segment: Visit: Outpatient, Referral Required",
CCLM-00131,0.25257942328886296,Low,0,"Has Prior Auth, Referral Required, Submission Delay",
CCLM-00406,0.25195006635634565,Low,0,"Late Claim Submission (>30 days), Referral Present, High-risk segment: Visit: Outpatient",
CCLM-00161,0.2502803133169554,Low,0,"Referral Present, High-risk segment: Visit: Outpatient, Referral Required",
CCLM-00064,0.24771506045332017,Low,0,No actionable pre-submission risk flags detected,
CCLM-00041,0.2469633475142693,Low,0,No actionable pre-submission risk flags detected,
CCLM-00226,0.24633320475428094,Low,0,No actionable pre-submission risk flags detected,
CCLM-00462,0.24507203884146117,Low,0,No actionable pre-submission risk flags detected,
CCLM-00111,0.24352738454684686,Low,0,No actionable pre-submission risk flags detected,
CCLM-00105,0.24010572518792964,Low,0,No actionable pre-submission risk flags detected,
CCLM-00456,0.23740225199284312,Low,0,No actionable pre-submission risk flags detected,
CCLM-00483,0.23702172787396988,Low,0,No actionable pre-submission risk flags detected,
CCLM-00228,0.23662136680813592,Low,0,No actionable pre-submission risk flags detected,
CCLM-00205,0.2356442947963022,Low,0,No actionable pre-submission risk flags detected,
CCLM-00323,0.2354220977557769,Low,0,No actionable pre-submission risk flags detected,
CCLM-00127,0.2352789962325689,Low,0,No actionable pre-submission risk flags detected,
CCLM-00167,0.2343806660814461,Low,0,No actionable pre-submission risk flags detected,
CCLM-00236,0.23153535616239795,Low,0,No actionable pre-submission risk flags detected,
CCLM-00493,0.2315169708365184,Low,0,No actionable pre-submission risk flags detected,
CCLM-00100,0.2294928644144234,Low,0,No actionable pre-submission risk flags detected,
CCLM-00155,0.22905707929245223,Low,0,No actionable pre-submission risk flags detected,
CCLM-00258,0.2284357470298934,Low,0,No actionable pre-submission risk flags detected,
CCLM-00119,0.2284040861935288,Low,0,No actionable pre-submission risk flags detected,
CCLM-00361,0.22822606020993427,Low,0,No actionable pre-submission risk flags detected,
CCLM-00276,0.2278624971165385,Low,0,No actionable pre-submission risk flags detected,
CCLM-00357,0.22644451695628545,Low,0,No actionable pre-submission risk flags detected,
CCLM-00056,0.22462877929349562,Low,0,No actionable pre-submission risk flags detected,
CCLM-00093,0.22419809907861513,Low,0,No actionable pre-submission risk flags detected,
CCLM-00123,0.22416687490672121,Low,0,No actionable pre-submission risk flags detected,
CCLM-00072,0.22273465500915227,Low,0,No actionable pre-submission risk flags detected,
CCLM-00427,0.22048410614337563,Low,0,No actionable pre-submission risk flags detected,
CCLM-00186,0.2194968103639556,Low,0,No actionable pre-submission risk flags detected,
CCLM-00465,0.2192093508830557,Low,0,No actionable pre-submission risk flags detected,
CCLM-00303,0.2190522342629781,Low,0,No actionable pre-submission risk flags detected,
CCLM-00335,0.21753834963143123,Low,0,No actionable pre-submission risk flags detected,
CCLM-00096,0.2170376488005583,Low,0,No actionable pre-submission risk flags detected,
CCLM-00356,0.21696903432112322,Low,0,No actionable pre-submission risk flags detected,
CCLM-00010,0.21627559318162393,Low,0,No actionable pre-submission risk flags detected,
CCLM-00138,0.21521123747442678,Low,0,No actionable pre-submission risk flags detected,
CCLM-00244,0.21495538850280216,Low,0,No actionable pre-submission risk flags detected,
CCLM-00485,0.21466507855553632,Low,0,No actionable pre-submission risk flags detected,
CCLM-00146,0.21406692112382836,Low,0,No actionable pre-submission risk flags detected,
CCLM-00001,0.2138509760610182,Low,0,No actionable pre-submission risk flags detected,
CCLM-00425,0.20822791834399879,Low,0,No actionable pre-submission risk flags detected,
CCLM-00232,0.2064287166717131,Low,0,No actionable pre-submission risk flags detected,
CCLM-00026,0.20545643224506846,Low,0,No actionable pre-submission risk flags detected,
CCLM-00499,0.2048661944235722,Low,0,No actionable pre-submission risk flags detected,
CCLM-00415,0.20446125735767343,Low,0,No actionable pre-submission risk flags detected,
CCLM-00237,0.20369609546450035,Low,0,No actionable pre-submission risk flags detected,
CCLM-00084,0.20221785910130277,Low,0,No actionable pre-submission risk flags detected,
CCLM-00433,0.20217607309832747,Low,0,No actionable pre-submission risk flags detected,
CCLM-00327,0.20028416134645502,Low,0,No actionable pre-submission risk flags detected,
CCLM-00225,0.1989917849482917,Low,0,No actionable pre-submission risk flags detected,
CCLM-00242,0.19343642767726876,Low,0,No actionable pre-submission risk flags detected,
CCLM-00153,0.19002923564967902,Low,0,No actionable pre-submission risk flags detected,
CCLM-00368,0.18850474497876493,Low,0,No actionable pre-submission risk flags detected,
CCLM-00022,0.18825746808949284,Low,0,No actionable pre-submission risk flags detected,
CCLM-00419,0.18739784170471777,Low,0,No actionable pre-submission risk flags detected,
CCLM-00273,0.18696350585374225,Low,0,No actionable pre-submission risk flags detected,
CCLM-00208,0.1836365366717561,Low,0,No actionable pre-submission risk flags detected,
CCLM-00284,0.1826303806216272,Low,0,No actionable pre-submission risk flags detected,
CCLM-00399,0.18105169888683975,Low,0,No actionable pre-submission risk flags detected,
CCLM-00029,0.17313098284135467,Low,0,No actionable pre-submission risk flags detected,
CCLM-00403,0.17216650854579543,Low,0,No actionable pre-submission risk flags detected,
CCLM-00358,0.17212590753809776,Low,0,No actionable pre-submission risk flags detected,
CCLM-00090,0.1710281127936231,Low,0,No actionable pre-submission risk flags detected,
CCLM-00482,0.16925041979854574,Low,0,No actionable pre-submission risk flags detected,
CCLM-00322,0.16898160837000928,Low,0,No actionable pre-submission risk flags detected,
CCLM-00458,0.16608394215802458,Low,0,No actionable pre-submission risk flags detected,
CCLM-00329,0.15618239536565198,Low,0,No actionable pre-submission risk flags detected,
CCLM-00250,0.1559949795602201,Low,0,No actionable pre-submission risk flags detected,
CCLM-00445,0.15221102169030673,Low,0,No actionable pre-submission risk flags detected,
CCLM-00185,0.14336906784749964,Low,0,No actionable pre-submission risk flags detected,
CCLM-00442,0.11458791087860835,Low,0,No actionable pre-submission risk flags detected,
